{
  "growth_items": [
    {
      "growth_in_ticks": 72000,
      "items": "dragonsurvival:elder_dragon_heart"
    },
    {
      "growth_in_ticks": -72000,
      "items": "dragonsurvival:star_bone"
    },
    {
      "growth_in_ticks": 0,
      "items": "dragonsurvival:star_heart"
    }
  ],
  "growth_range": {
    "max": 25.0,
    "min": 14.0
  },
  "is_default": false,
  "is_natural_growth_stopped": {
    "type_specific": {
      "type": "dragonsurvival:dragon_predicate",
      "is_growth_stopped": true
    }
  },
  "modifiers": [],
  "ticks_until_grown": 1000000
}