{
	"format_version": "1.12.0",
	"minecraft:geometry": [
		{
			"description": {
				"identifier": "geometry.unknown",
				"texture_width": 256,
				"texture_height": 256,
				"visible_bounds_width": 20,
				"visible_bounds_height": 8,
				"visible_bounds_offset": [0, 2, 0]
			},
			"bones": [
				{
					"name": "body",
					"pivot": [0, 26, 0],
					"cubes": [
						{
							"origin": [-12, 30, -32],
							"size": [24, 24, 64],
							"uv": {
								"north": {"uv": [88, 64], "uv_size": [-24, 24]},
								"east": {"uv": [152, 64], "uv_size": [-64, 24]},
								"south": {"uv": [176, 64], "uv_size": [-24, 24]},
								"west": {"uv": [64, 64], "uv_size": [-63, 24]},
								"up": {"uv": [88, 0], "uv_size": [-24, 64]},
								"down": {"uv": [112, 64], "uv_size": [-24, -64]}
							}
						},
						{
							"origin": [-1, 55, -26],
							"size": [2, 6, 12],
							"uv": {
								"north": {"uv": [234, 65], "uv_size": [-2, 6]},
								"east": {"uv": [232, 65], "uv_size": [-12, 6]},
								"south": {"uv": [248, 65], "uv_size": [-2, 6]},
								"west": {"uv": [246, 65], "uv_size": [-12, 6]},
								"up": {"uv": [234, 53], "uv_size": [-2, 12]},
								"down": {"uv": [234, 65], "uv_size": [2, -12]}
							}
						},
						{
							"origin": [-1, 55, 14],
							"size": [2, 6, 12],
							"uv": {
								"north": {"uv": [234, 65], "uv_size": [-2, 6]},
								"east": {"uv": [232, 65], "uv_size": [-12, 6]},
								"south": {"uv": [248, 65], "uv_size": [-2, 6]},
								"west": {"uv": [246, 65], "uv_size": [-12, 6]},
								"up": {"uv": [234, 53], "uv_size": [-2, 12]},
								"down": {"uv": [234, 65], "uv_size": [2, -12]}
							}
						},
						{
							"origin": [-1, 55, -6],
							"size": [2, 6, 12],
							"uv": {
								"north": {"uv": [234, 65], "uv_size": [-2, 6]},
								"east": {"uv": [232, 65], "uv_size": [-12, 6]},
								"south": {"uv": [248, 65], "uv_size": [-2, 6]},
								"west": {"uv": [246, 65], "uv_size": [-12, 6]},
								"up": {"uv": [234, 53], "uv_size": [-2, 12]},
								"down": {"uv": [234, 65], "uv_size": [2, -12]}
							}
						}
					]
				},
				{
					"name": "Rwing",
					"parent": "body",
					"pivot": [1, 31, -23],
					"rotation": [0, 0, -75],
					"cubes": [
						{
							"origin": [2, 26, -27],
							"size": [56, 8, 8],
							"uv": {
								"north": {"uv": [120, 96], "uv_size": [56, 8]},
								"east": {"uv": [176, 96], "uv_size": [8, 8]},
								"south": {"uv": [184, 96], "uv_size": [56, 8]},
								"west": {"uv": [112, 96], "uv_size": [8, 8]},
								"up": {"uv": [120, 88], "uv_size": [56, 8]},
								"down": {"uv": [176, 88], "uv_size": [56, 8]}
							}
						},
						{
							"origin": [1, 30, -21],
							"size": [56, 0, 56],
							"uv": {
								"up": {"uv": [56, 88], "uv_size": [-56, 56]}
							}
						}
					]
				},
				{
					"name": "Rwing2",
					"parent": "Rwing",
					"pivot": [57, 30, -23],
					"rotation": [0, 0, 150],
					"cubes": [
						{
							"origin": [58, 27, -26],
							"size": [56, 6, 6],
							"uv": {
								"north": {"uv": [116, 140], "uv_size": [56, 4]},
								"east": {"uv": [172, 140], "uv_size": [4, 4]},
								"south": {"uv": [176, 140], "uv_size": [56, 4]},
								"west": {"uv": [112, 140], "uv_size": [4, 4]},
								"up": {"uv": [116, 136], "uv_size": [56, 4]},
								"down": {"uv": [172, 136], "uv_size": [56, 4]}
							}
						},
						{
							"origin": [57, 30, -23],
							"size": [56, 0, 56],
							"uv": {
								"up": {"uv": [56, 144], "uv_size": [-56, 56]}
							}
						}
					]
				},
				{
					"name": "Lwing",
					"parent": "body",
					"pivot": [-1, 31, -23],
					"rotation": [0, 0, 75],
					"cubes": [
						{
							"origin": [-58, 26, -27],
							"size": [56, 8, 8],
							"uv": {
								"north": {"uv": [176, 96], "uv_size": [-56, 8]},
								"east": {"uv": [120, 96], "uv_size": [-8, 8]},
								"south": {"uv": [240, 96], "uv_size": [-56, 8]},
								"west": {"uv": [184, 96], "uv_size": [-8, 8]},
								"up": {"uv": [176, 88], "uv_size": [-56, 8]},
								"down": {"uv": [232, 88], "uv_size": [-56, 8]}
							}
						},
						{
							"origin": [-57, 30, -21],
							"size": [56, 0, 56],
							"uv": {
								"up": {"uv": [0, 88], "uv_size": [56, 56]}
							}
						}
					]
				},
				{
					"name": "Lwing2",
					"parent": "Lwing",
					"pivot": [-56, 30, -23],
					"rotation": [0, 0, -150],
					"cubes": [
						{
							"origin": [-113.13397, 27.5, -26],
							"size": [56, 6, 6],
							"uv": {
								"north": {"uv": [172, 140], "uv_size": [-56, 4]},
								"east": {"uv": [116, 140], "uv_size": [-4, 4]},
								"south": {"uv": [232, 140], "uv_size": [-56, 4]},
								"west": {"uv": [176, 140], "uv_size": [-4, 4]},
								"up": {"uv": [172, 136], "uv_size": [-56, 4]},
								"down": {"uv": [228, 136], "uv_size": [-56, 4]}
							}
						},
						{
							"origin": [-111.13397, 30.5, -23],
							"size": [56, 0, 56],
							"uv": {
								"up": {"uv": [0, 144], "uv_size": [56, 56]}
							}
						}
					]
				},
				{
					"name": "neck",
					"parent": "body",
					"pivot": [0, 38, -31],
					"rotation": [-5, 0, 0],
					"cubes": [
						{
							"origin": [-1, 43.5, -39],
							"size": [2, 4, 6],
							"inflate": -0.25,
							"uv": {
								"north": {"uv": [56, 6], "uv_size": [-2, 4]},
								"east": {"uv": [54, 6], "uv_size": [-6, 4]},
								"south": {"uv": [64, 6], "uv_size": [-2, 4]},
								"west": {"uv": [62, 6], "uv_size": [-6, 4]},
								"up": {"uv": [56, 0], "uv_size": [-2, 6]},
								"down": {"uv": [58, 0], "uv_size": [-2, 6]}
							}
						},
						{
							"origin": [-5, 34, -41],
							"size": [10, 10, 10],
							"uv": {
								"north": {"uv": [212, 114], "uv_size": [-10, 10]},
								"east": {"uv": [202, 114], "uv_size": [-10, 10]},
								"south": {"uv": [232, 114], "uv_size": [-10, 10]},
								"west": {"uv": [222, 114], "uv_size": [-10, 10]},
								"up": {"uv": [212, 104], "uv_size": [-10, 10]},
								"down": {"uv": [222, 104], "uv_size": [-10, 10]}
							}
						}
					]
				},
				{
					"name": "neck2",
					"parent": "neck",
					"pivot": [0, 38, -38],
					"rotation": [-15, 0, 0],
					"cubes": [
						{
							"origin": [-1, 43.5, -48],
							"size": [2, 4, 6],
							"inflate": -0.25,
							"uv": {
								"north": {"uv": [56, 6], "uv_size": [-2, 4]},
								"east": {"uv": [54, 6], "uv_size": [-6, 4]},
								"south": {"uv": [64, 6], "uv_size": [-2, 4]},
								"west": {"uv": [62, 6], "uv_size": [-6, 4]},
								"up": {"uv": [56, 0], "uv_size": [-2, 6]},
								"down": {"uv": [58, 0], "uv_size": [-2, 6]}
							}
						},
						{
							"origin": [-5, 34, -50],
							"size": [10, 10, 10],
							"inflate": -0.001,
							"uv": {
								"north": {"uv": [212, 114], "uv_size": [-10, 10]},
								"east": {"uv": [202, 114], "uv_size": [-10, 10]},
								"south": {"uv": [232, 114], "uv_size": [-10, 10]},
								"west": {"uv": [222, 114], "uv_size": [-10, 10]},
								"up": {"uv": [212, 104], "uv_size": [-10, 10]},
								"down": {"uv": [222, 104], "uv_size": [-10, 10]}
							}
						}
					]
				},
				{
					"name": "neck3",
					"parent": "neck2",
					"pivot": [0, 38, -49],
					"rotation": [-15, 0, 0],
					"cubes": [
						{
							"origin": [-5, 34, -59],
							"size": [10, 10, 10],
							"inflate": -0.002,
							"uv": {
								"north": {"uv": [212, 114], "uv_size": [-10, 10]},
								"east": {"uv": [202, 114], "uv_size": [-10, 10]},
								"south": {"uv": [232, 114], "uv_size": [-10, 10]},
								"west": {"uv": [222, 114], "uv_size": [-10, 10]},
								"up": {"uv": [212, 104], "uv_size": [-10, 10]},
								"down": {"uv": [222, 104], "uv_size": [-10, 10]}
							}
						},
						{
							"origin": [-1, 43.5, -57],
							"size": [2, 4, 6],
							"inflate": -0.25,
							"uv": {
								"north": {"uv": [56, 6], "uv_size": [-2, 4]},
								"east": {"uv": [54, 6], "uv_size": [-6, 4]},
								"south": {"uv": [64, 6], "uv_size": [-2, 4]},
								"west": {"uv": [62, 6], "uv_size": [-6, 4]},
								"up": {"uv": [56, 0], "uv_size": [-2, 6]},
								"down": {"uv": [58, 0], "uv_size": [-2, 6]}
							}
						}
					]
				},
				{
					"name": "neck4",
					"parent": "neck3",
					"pivot": [0, 39, -58],
					"rotation": [15, 0, 0],
					"cubes": [
						{
							"origin": [-5, 34, -68],
							"size": [10, 10, 10],
							"inflate": -0.003,
							"uv": {
								"north": {"uv": [212, 114], "uv_size": [-10, 10]},
								"east": {"uv": [202, 114], "uv_size": [-10, 10]},
								"south": {"uv": [232, 114], "uv_size": [-10, 10]},
								"west": {"uv": [222, 114], "uv_size": [-10, 10]},
								"up": {"uv": [212, 104], "uv_size": [-10, 10]},
								"down": {"uv": [222, 104], "uv_size": [-10, 10]}
							}
						},
						{
							"origin": [-1, 43.5, -66],
							"size": [2, 4, 6],
							"inflate": -0.25,
							"uv": {
								"north": {"uv": [56, 6], "uv_size": [-2, 4]},
								"east": {"uv": [54, 6], "uv_size": [-6, 4]},
								"south": {"uv": [64, 6], "uv_size": [-2, 4]},
								"west": {"uv": [62, 6], "uv_size": [-6, 4]},
								"up": {"uv": [56, 0], "uv_size": [-2, 6]},
								"down": {"uv": [58, 0], "uv_size": [-2, 6]}
							}
						}
					]
				},
				{
					"name": "neck5",
					"parent": "neck4",
					"pivot": [0, 38, -67],
					"rotation": [15, 0, 0],
					"cubes": [
						{
							"origin": [-1, 43.5, -75],
							"size": [2, 4, 6],
							"inflate": -0.25,
							"uv": {
								"north": {"uv": [56, 6], "uv_size": [-2, 4]},
								"east": {"uv": [54, 6], "uv_size": [-6, 4]},
								"south": {"uv": [64, 6], "uv_size": [-2, 4]},
								"west": {"uv": [62, 6], "uv_size": [-6, 4]},
								"up": {"uv": [56, 0], "uv_size": [-2, 6]},
								"down": {"uv": [58, 0], "uv_size": [-2, 6]}
							}
						},
						{
							"origin": [-5, 34, -77],
							"size": [10, 10, 10],
							"inflate": -0.004,
							"uv": {
								"north": {"uv": [212, 114], "uv_size": [-10, 10]},
								"east": {"uv": [202, 114], "uv_size": [-10, 10]},
								"south": {"uv": [232, 114], "uv_size": [-10, 10]},
								"west": {"uv": [222, 114], "uv_size": [-10, 10]},
								"up": {"uv": [212, 104], "uv_size": [-10, 10]},
								"down": {"uv": [222, 104], "uv_size": [-10, 10]}
							}
						}
					]
				},
				{
					"name": "head",
					"parent": "neck5",
					"pivot": [4, 38, -76],
					"rotation": [5, 0, 0],
					"cubes": [
						{
							"origin": [-8, 34, -92],
							"size": [16, 16, 16],
							"uv": {
								"north": {"uv": [144, 46], "uv_size": [-16, 16]},
								"east": {"uv": [128, 46], "uv_size": [-16, 16]},
								"south": {"uv": [176, 46], "uv_size": [-16, 16]},
								"west": {"uv": [160, 46], "uv_size": [-16, 16]},
								"up": {"uv": [144, 30], "uv_size": [-16, 16]},
								"down": {"uv": [160, 30], "uv_size": [-16, 16]}
							}
						},
						{
							"origin": [-6, 38, -106],
							"size": [12, 5, 16],
							"uv": {
								"north": {"uv": [204, 60], "uv_size": [-12, 5]},
								"east": {"uv": [192, 60], "uv_size": [-16, 5]},
								"south": {"uv": [232, 60], "uv_size": [-12, 5]},
								"west": {"uv": [220, 60], "uv_size": [-16, 5]},
								"up": {"uv": [204, 44], "uv_size": [-12, 16]},
								"down": {"uv": [216, 60], "uv_size": [-12, -16]}
							}
						},
						{
							"origin": [3, 43, -104],
							"size": [2, 2, 4],
							"uv": {
								"north": {"uv": [118, 4], "uv_size": [-2, 2]},
								"east": {"uv": [116, 4], "uv_size": [-4, 2]},
								"south": {"uv": [124, 4], "uv_size": [-2, 2]},
								"west": {"uv": [122, 4], "uv_size": [-4, 2]},
								"up": {"uv": [118, 0], "uv_size": [-2, 4]},
								"down": {"uv": [120, 0], "uv_size": [-2, 4]}
							}
						},
						{
							"origin": [-5, 43, -104],
							"size": [2, 2, 4],
							"uv": {
								"north": {"uv": [118, 4], "uv_size": [-2, 2]},
								"east": {"uv": [116, 4], "uv_size": [-4, 2]},
								"south": {"uv": [124, 4], "uv_size": [-2, 2]},
								"west": {"uv": [122, 4], "uv_size": [-4, 2]},
								"up": {"uv": [118, 0], "uv_size": [-2, 4]},
								"down": {"uv": [120, 0], "uv_size": [-2, 4]}
							}
						},
						{
							"origin": [3, 50, -86],
							"size": [2, 4, 6],
							"uv": {
								"north": {"uv": [56, 6], "uv_size": [-2, 4]},
								"east": {"uv": [54, 6], "uv_size": [-6, 4]},
								"south": {"uv": [64, 6], "uv_size": [-2, 4]},
								"west": {"uv": [62, 6], "uv_size": [-6, 4]},
								"up": {"uv": [56, 0], "uv_size": [-2, 6]},
								"down": {"uv": [58, 0], "uv_size": [-2, 6]}
							}
						},
						{
							"origin": [-5, 50, -86],
							"size": [2, 4, 6],
							"uv": {
								"north": {"uv": [56, 6], "uv_size": [-2, 4]},
								"east": {"uv": [54, 6], "uv_size": [-6, 4]},
								"south": {"uv": [64, 6], "uv_size": [-2, 4]},
								"west": {"uv": [62, 6], "uv_size": [-6, 4]},
								"up": {"uv": [56, 0], "uv_size": [-2, 6]},
								"down": {"uv": [58, 0], "uv_size": [-2, 6]}
							}
						}
					]
				},
				{
					"name": "mouth",
					"parent": "head",
					"pivot": [0, 34, -92],
					"cubes": [
						{
							"origin": [-6, 34, -106],
							"size": [12, 4, 16],
							"inflate": -0.001,
							"uv": {
								"north": {"uv": [204, 81], "uv_size": [-12, 4]},
								"east": {"uv": [192, 81], "uv_size": [-16, 4]},
								"south": {"uv": [232, 81], "uv_size": [-12, 4]},
								"west": {"uv": [220, 81], "uv_size": [-16, 4]},
								"up": {"uv": [204, 65], "uv_size": [-12, 16]},
								"down": {"uv": [216, 81], "uv_size": [-12, -16]}
							}
						}
					]
				},
				{
					"name": "tail",
					"parent": "body",
					"pivot": [0, 48, 32],
					"cubes": [
						{
							"origin": [-1, 52.5, 33],
							"size": [2, 4, 6],
							"uv": {
								"north": {"uv": [56, 6], "uv_size": [-2, 4]},
								"east": {"uv": [54, 6], "uv_size": [-6, 4]},
								"south": {"uv": [64, 6], "uv_size": [-2, 4]},
								"west": {"uv": [62, 6], "uv_size": [-6, 4]},
								"up": {"uv": [56, 0], "uv_size": [-2, 6]},
								"down": {"uv": [58, 0], "uv_size": [-2, 6]}
							}
						},
						{
							"origin": [-5, 43, 31],
							"size": [10, 10, 10],
							"uv": {
								"north": {"uv": [212, 114], "uv_size": [-10, 10]},
								"east": {"uv": [202, 114], "uv_size": [-10, 10]},
								"south": {"uv": [232, 114], "uv_size": [-10, 10]},
								"west": {"uv": [222, 114], "uv_size": [-10, 10]},
								"up": {"uv": [212, 104], "uv_size": [-10, 10]},
								"down": {"uv": [222, 104], "uv_size": [-10, 10]}
							}
						}
					]
				},
				{
					"name": "tail2",
					"parent": "tail",
					"pivot": [0, 48, 41.9],
					"cubes": [
						{
							"origin": [-1, 52.5, 42.9],
							"size": [2, 4, 6],
							"inflate": -0.02,
							"uv": {
								"north": {"uv": [56, 6], "uv_size": [-2, 4]},
								"east": {"uv": [54, 6], "uv_size": [-6, 4]},
								"south": {"uv": [64, 6], "uv_size": [-2, 4]},
								"west": {"uv": [62, 6], "uv_size": [-6, 4]},
								"up": {"uv": [56, 0], "uv_size": [-2, 6]},
								"down": {"uv": [58, 0], "uv_size": [-2, 6]}
							}
						},
						{
							"origin": [-5, 43, 40.9],
							"size": [10, 10, 10],
							"inflate": -0.02,
							"uv": {
								"north": {"uv": [212, 114], "uv_size": [-10, 10]},
								"east": {"uv": [202, 114], "uv_size": [-10, 10]},
								"south": {"uv": [232, 114], "uv_size": [-10, 10]},
								"west": {"uv": [222, 114], "uv_size": [-10, 10]},
								"up": {"uv": [212, 104], "uv_size": [-10, 10]},
								"down": {"uv": [222, 104], "uv_size": [-10, 10]}
							}
						}
					]
				},
				{
					"name": "tail3",
					"parent": "tail2",
					"pivot": [0, 48, 51.8],
					"rotation": [-2.5, 0, 0],
					"cubes": [
						{
							"origin": [-1, 52.5, 52.8],
							"size": [2, 4, 6],
							"inflate": -0.04,
							"uv": {
								"north": {"uv": [56, 6], "uv_size": [-2, 4]},
								"east": {"uv": [54, 6], "uv_size": [-6, 4]},
								"south": {"uv": [64, 6], "uv_size": [-2, 4]},
								"west": {"uv": [62, 6], "uv_size": [-6, 4]},
								"up": {"uv": [56, 0], "uv_size": [-2, 6]},
								"down": {"uv": [58, 0], "uv_size": [-2, 6]}
							}
						},
						{
							"origin": [-5, 43, 50.8],
							"size": [10, 10, 10],
							"inflate": -0.04,
							"uv": {
								"north": {"uv": [212, 114], "uv_size": [-10, 10]},
								"east": {"uv": [202, 114], "uv_size": [-10, 10]},
								"south": {"uv": [232, 114], "uv_size": [-10, 10]},
								"west": {"uv": [222, 114], "uv_size": [-10, 10]},
								"up": {"uv": [212, 104], "uv_size": [-10, 10]},
								"down": {"uv": [222, 104], "uv_size": [-10, 10]}
							}
						}
					]
				},
				{
					"name": "tail4",
					"parent": "tail3",
					"pivot": [0, 48, 61.7],
					"rotation": [-2.5, 0, 0],
					"cubes": [
						{
							"origin": [-1, 52.5, 62.7],
							"size": [2, 4, 6],
							"inflate": -0.06,
							"uv": {
								"north": {"uv": [56, 6], "uv_size": [-2, 4]},
								"east": {"uv": [54, 6], "uv_size": [-6, 4]},
								"south": {"uv": [64, 6], "uv_size": [-2, 4]},
								"west": {"uv": [62, 6], "uv_size": [-6, 4]},
								"up": {"uv": [56, 0], "uv_size": [-2, 6]},
								"down": {"uv": [58, 0], "uv_size": [-2, 6]}
							}
						},
						{
							"origin": [-5, 43, 60.7],
							"size": [10, 10, 10],
							"inflate": -0.06,
							"uv": {
								"north": {"uv": [212, 114], "uv_size": [-10, 10]},
								"east": {"uv": [202, 114], "uv_size": [-10, 10]},
								"south": {"uv": [232, 114], "uv_size": [-10, 10]},
								"west": {"uv": [222, 114], "uv_size": [-10, 10]},
								"up": {"uv": [212, 104], "uv_size": [-10, 10]},
								"down": {"uv": [222, 104], "uv_size": [-10, 10]}
							}
						}
					]
				},
				{
					"name": "tail5",
					"parent": "tail4",
					"pivot": [0, 48, 71.6],
					"rotation": [-2.5, 0, 0],
					"cubes": [
						{
							"origin": [-1, 52.5, 72.6],
							"size": [2, 4, 6],
							"inflate": -0.08,
							"uv": {
								"north": {"uv": [56, 6], "uv_size": [-2, 4]},
								"east": {"uv": [54, 6], "uv_size": [-6, 4]},
								"south": {"uv": [64, 6], "uv_size": [-2, 4]},
								"west": {"uv": [62, 6], "uv_size": [-6, 4]},
								"up": {"uv": [56, 0], "uv_size": [-2, 6]},
								"down": {"uv": [58, 0], "uv_size": [-2, 6]}
							}
						},
						{
							"origin": [-5, 43, 70.6],
							"size": [10, 10, 10],
							"inflate": -0.08,
							"uv": {
								"north": {"uv": [212, 114], "uv_size": [-10, 10]},
								"east": {"uv": [202, 114], "uv_size": [-10, 10]},
								"south": {"uv": [232, 114], "uv_size": [-10, 10]},
								"west": {"uv": [222, 114], "uv_size": [-10, 10]},
								"up": {"uv": [212, 104], "uv_size": [-10, 10]},
								"down": {"uv": [222, 104], "uv_size": [-10, 10]}
							}
						}
					]
				},
				{
					"name": "tail6",
					"parent": "tail5",
					"pivot": [0, 48, 81.5],
					"rotation": [-2.5, 0, 0],
					"cubes": [
						{
							"origin": [-1, 52.5, 82.5],
							"size": [2, 4, 6],
							"inflate": -0.1,
							"uv": {
								"north": {"uv": [56, 6], "uv_size": [-2, 4]},
								"east": {"uv": [54, 6], "uv_size": [-6, 4]},
								"south": {"uv": [64, 6], "uv_size": [-2, 4]},
								"west": {"uv": [62, 6], "uv_size": [-6, 4]},
								"up": {"uv": [56, 0], "uv_size": [-2, 6]},
								"down": {"uv": [58, 0], "uv_size": [-2, 6]}
							}
						},
						{
							"origin": [-5, 43, 80.5],
							"size": [10, 10, 10],
							"inflate": -0.1,
							"uv": {
								"north": {"uv": [212, 114], "uv_size": [-10, 10]},
								"east": {"uv": [202, 114], "uv_size": [-10, 10]},
								"south": {"uv": [232, 114], "uv_size": [-10, 10]},
								"west": {"uv": [222, 114], "uv_size": [-10, 10]},
								"up": {"uv": [212, 104], "uv_size": [-10, 10]},
								"down": {"uv": [222, 104], "uv_size": [-10, 10]}
							}
						}
					]
				},
				{
					"name": "tail7",
					"parent": "tail6",
					"pivot": [0, 48, 91.4],
					"rotation": [2.5, 0, 0],
					"cubes": [
						{
							"origin": [-1, 52.5, 92.4],
							"size": [2, 4, 6],
							"inflate": -0.12,
							"uv": {
								"north": {"uv": [56, 6], "uv_size": [-2, 4]},
								"east": {"uv": [54, 6], "uv_size": [-6, 4]},
								"south": {"uv": [64, 6], "uv_size": [-2, 4]},
								"west": {"uv": [62, 6], "uv_size": [-6, 4]},
								"up": {"uv": [56, 0], "uv_size": [-2, 6]},
								"down": {"uv": [58, 0], "uv_size": [-2, 6]}
							}
						},
						{
							"origin": [-5, 43, 90.4],
							"size": [10, 10, 10],
							"inflate": -0.12,
							"uv": {
								"north": {"uv": [212, 114], "uv_size": [-10, 10]},
								"east": {"uv": [202, 114], "uv_size": [-10, 10]},
								"south": {"uv": [232, 114], "uv_size": [-10, 10]},
								"west": {"uv": [222, 114], "uv_size": [-10, 10]},
								"up": {"uv": [212, 104], "uv_size": [-10, 10]},
								"down": {"uv": [222, 104], "uv_size": [-10, 10]}
							}
						}
					]
				},
				{
					"name": "tail8",
					"parent": "tail7",
					"pivot": [0, 48, 101.2],
					"rotation": [2.5, 0, 0],
					"cubes": [
						{
							"origin": [-1, 52.5, 102.2],
							"size": [2, 4, 6],
							"inflate": -0.14,
							"uv": {
								"north": {"uv": [56, 6], "uv_size": [-2, 4]},
								"east": {"uv": [54, 6], "uv_size": [-6, 4]},
								"south": {"uv": [64, 6], "uv_size": [-2, 4]},
								"west": {"uv": [62, 6], "uv_size": [-6, 4]},
								"up": {"uv": [56, 0], "uv_size": [-2, 6]},
								"down": {"uv": [58, 0], "uv_size": [-2, 6]}
							}
						},
						{
							"origin": [-5, 43, 100.2],
							"size": [10, 10, 10],
							"inflate": -0.14,
							"uv": {
								"north": {"uv": [212, 114], "uv_size": [-10, 10]},
								"east": {"uv": [202, 114], "uv_size": [-10, 10]},
								"south": {"uv": [232, 114], "uv_size": [-10, 10]},
								"west": {"uv": [222, 114], "uv_size": [-10, 10]},
								"up": {"uv": [212, 104], "uv_size": [-10, 10]},
								"down": {"uv": [222, 104], "uv_size": [-10, 10]}
							}
						}
					]
				},
				{
					"name": "tail9",
					"parent": "tail8",
					"pivot": [0, 48, 111],
					"rotation": [2.5, 0, 0],
					"cubes": [
						{
							"origin": [-1, 52.5, 112],
							"size": [2, 4, 6],
							"inflate": -0.16,
							"uv": {
								"north": {"uv": [56, 6], "uv_size": [-2, 4]},
								"east": {"uv": [54, 6], "uv_size": [-6, 4]},
								"south": {"uv": [64, 6], "uv_size": [-2, 4]},
								"west": {"uv": [62, 6], "uv_size": [-6, 4]},
								"up": {"uv": [56, 0], "uv_size": [-2, 6]},
								"down": {"uv": [58, 0], "uv_size": [-2, 6]}
							}
						},
						{
							"origin": [-5, 43, 110],
							"size": [10, 10, 10],
							"inflate": -0.16,
							"uv": {
								"north": {"uv": [212, 114], "uv_size": [-10, 10]},
								"east": {"uv": [202, 114], "uv_size": [-10, 10]},
								"south": {"uv": [232, 114], "uv_size": [-10, 10]},
								"west": {"uv": [222, 114], "uv_size": [-10, 10]},
								"up": {"uv": [212, 104], "uv_size": [-10, 10]},
								"down": {"uv": [222, 104], "uv_size": [-10, 10]}
							}
						}
					]
				},
				{
					"name": "tail10",
					"parent": "tail9",
					"pivot": [0, 48, 120.8],
					"cubes": [
						{
							"origin": [-1, 52.5, 121.8],
							"size": [2, 4, 6],
							"inflate": -0.18,
							"uv": {
								"north": {"uv": [56, 6], "uv_size": [-2, 4]},
								"east": {"uv": [54, 6], "uv_size": [-6, 4]},
								"south": {"uv": [64, 6], "uv_size": [-2, 4]},
								"west": {"uv": [62, 6], "uv_size": [-6, 4]},
								"up": {"uv": [56, 0], "uv_size": [-2, 6]},
								"down": {"uv": [58, 0], "uv_size": [-2, 6]}
							}
						},
						{
							"origin": [-5, 43, 119.8],
							"size": [10, 10, 10],
							"inflate": -0.18,
							"uv": {
								"north": {"uv": [212, 114], "uv_size": [-10, 10]},
								"east": {"uv": [202, 114], "uv_size": [-10, 10]},
								"south": {"uv": [232, 114], "uv_size": [-10, 10]},
								"west": {"uv": [222, 114], "uv_size": [-10, 10]},
								"up": {"uv": [212, 104], "uv_size": [-10, 10]},
								"down": {"uv": [222, 104], "uv_size": [-10, 10]}
							}
						}
					]
				},
				{
					"name": "tail11",
					"parent": "tail10",
					"pivot": [0, 48, 130.5],
					"cubes": [
						{
							"origin": [-1, 52.5, 131.5],
							"size": [2, 4, 6],
							"inflate": -0.2,
							"uv": {
								"north": {"uv": [56, 6], "uv_size": [-2, 4]},
								"east": {"uv": [54, 6], "uv_size": [-6, 4]},
								"south": {"uv": [64, 6], "uv_size": [-2, 4]},
								"west": {"uv": [62, 6], "uv_size": [-6, 4]},
								"up": {"uv": [56, 0], "uv_size": [-2, 6]},
								"down": {"uv": [58, 0], "uv_size": [-2, 6]}
							}
						},
						{
							"origin": [-5, 43, 129.5],
							"size": [10, 10, 10],
							"inflate": -0.2,
							"uv": {
								"north": {"uv": [212, 114], "uv_size": [-10, 10]},
								"east": {"uv": [202, 114], "uv_size": [-10, 10]},
								"south": {"uv": [232, 114], "uv_size": [-10, 10]},
								"west": {"uv": [222, 114], "uv_size": [-10, 10]},
								"up": {"uv": [212, 104], "uv_size": [-10, 10]},
								"down": {"uv": [222, 104], "uv_size": [-10, 10]}
							}
						}
					]
				},
				{
					"name": "tail12",
					"parent": "tail11",
					"pivot": [0, 48, 140.2],
					"cubes": [
						{
							"origin": [-1, 52.5, 141.2],
							"size": [2, 4, 6],
							"inflate": -0.2,
							"uv": {
								"north": {"uv": [56, 6], "uv_size": [-2, 4]},
								"east": {"uv": [54, 6], "uv_size": [-6, 4]},
								"south": {"uv": [64, 6], "uv_size": [-2, 4]},
								"west": {"uv": [62, 6], "uv_size": [-6, 4]},
								"up": {"uv": [56, 0], "uv_size": [-2, 6]},
								"down": {"uv": [58, 0], "uv_size": [-2, 6]}
							}
						},
						{
							"origin": [-5, 43, 139.2],
							"size": [10, 10, 10],
							"inflate": -0.2,
							"uv": {
								"north": {"uv": [212, 114], "uv_size": [-10, 10]},
								"east": {"uv": [202, 114], "uv_size": [-10, 10]},
								"south": {"uv": [232, 114], "uv_size": [-10, 10]},
								"west": {"uv": [222, 114], "uv_size": [-10, 10]},
								"up": {"uv": [212, 104], "uv_size": [-10, 10]},
								"down": {"uv": [222, 104], "uv_size": [-10, 10]}
							}
						}
					]
				},
				{
					"name": "FLleg",
					"parent": "body",
					"pivot": [12, 41, -23],
					"rotation": [25, 0, 0],
					"cubes": [
						{
							"origin": [8, 20, -28],
							"size": [8, 24, 8],
							"uv": {
								"north": {"uv": [120, 112], "uv_size": [8, 24]},
								"east": {"uv": [112, 112], "uv_size": [8, 24]},
								"south": {"uv": [136, 112], "uv_size": [8, 24]},
								"west": {"uv": [128, 112], "uv_size": [8, 24]},
								"up": {"uv": [128, 112], "uv_size": [-8, -8]},
								"down": {"uv": [136, 112], "uv_size": [-8, -8]}
							}
						}
					]
				},
				{
					"name": "FLleg2",
					"parent": "FLleg",
					"pivot": [12, 21, -24],
					"rotation": [-50, 0, 0],
					"cubes": [
						{
							"origin": [9, -3, -27],
							"size": [6, 24, 6],
							"uv": {
								"north": {"uv": [232, 144], "uv_size": [6, 24]},
								"east": {"uv": [238, 144], "uv_size": [6, 24]},
								"south": {"uv": [244, 144], "uv_size": [6, 24]},
								"west": {"uv": [226, 144], "uv_size": [6, 24]},
								"up": {"uv": [238, 144], "uv_size": [-6, -6]},
								"down": {"uv": [244, 144], "uv_size": [-6, -6]}
							}
						}
					]
				},
				{
					"name": "FLleg3",
					"parent": "FLleg2",
					"pivot": [12, -2, -24],
					"rotation": [35, 0, 0],
					"cubes": [
						{
							"origin": [8, -5, -37],
							"size": [8, 4, 16],
							"pivot": [11, -5, -22],
							"rotation": [-10, 0, 0],
							"uv": {
								"north": {"uv": [160, 120], "uv_size": [8, 4]},
								"east": {"uv": [144, 120], "uv_size": [16, 4]},
								"south": {"uv": [184, 120], "uv_size": [8, 4]},
								"west": {"uv": [168, 120], "uv_size": [16, 4]},
								"up": {"uv": [168, 104], "uv_size": [-8, 16]},
								"down": {"uv": [176, 120], "uv_size": [-8, -16]}
							}
						}
					]
				},
				{
					"name": "FRleg",
					"parent": "body",
					"pivot": [-12, 41, -23],
					"rotation": [25, 0, 0],
					"cubes": [
						{
							"origin": [-16, 20, -28],
							"size": [8, 24, 8],
							"uv": {
								"north": {"uv": [120, 112], "uv_size": [8, 24]},
								"east": {"uv": [112, 112], "uv_size": [8, 24]},
								"south": {"uv": [136, 112], "uv_size": [8, 24]},
								"west": {"uv": [128, 112], "uv_size": [8, 24]},
								"up": {"uv": [128, 112], "uv_size": [-8, -8]},
								"down": {"uv": [136, 112], "uv_size": [-8, -8]}
							}
						}
					]
				},
				{
					"name": "FRleg2",
					"parent": "FRleg",
					"pivot": [-12, 21, -24],
					"rotation": [-50, 0, 0],
					"cubes": [
						{
							"origin": [-15, -3, -27],
							"size": [6, 24, 6],
							"uv": {
								"north": {"uv": [232, 144], "uv_size": [6, 24]},
								"east": {"uv": [238, 144], "uv_size": [6, 24]},
								"south": {"uv": [244, 144], "uv_size": [6, 24]},
								"west": {"uv": [226, 144], "uv_size": [6, 24]},
								"up": {"uv": [238, 144], "uv_size": [-6, -6]},
								"down": {"uv": [244, 144], "uv_size": [-6, -6]}
							}
						}
					]
				},
				{
					"name": "FRleg3",
					"parent": "FRleg2",
					"pivot": [-12, -2, -24],
					"rotation": [25, 0, 0],
					"cubes": [
						{
							"origin": [-16, -5, -37],
							"size": [8, 4, 16],
							"uv": {
								"north": {"uv": [160, 120], "uv_size": [8, 4]},
								"east": {"uv": [144, 120], "uv_size": [16, 4]},
								"south": {"uv": [184, 120], "uv_size": [8, 4]},
								"west": {"uv": [168, 120], "uv_size": [16, 4]},
								"up": {"uv": [168, 104], "uv_size": [-8, 16]},
								"down": {"uv": [176, 120], "uv_size": [-8, -16]}
							}
						}
					]
				},
				{
					"name": "BLleg",
					"parent": "body",
					"pivot": [15, 44, 22],
					"rotation": [25, 0, 0],
					"cubes": [
						{
							"origin": [8.6, 24.8, 15.6],
							"size": [12.8, 25.6, 12.8],
							"uv": {
								"north": {"uv": [48, 16], "uv_size": [16, 32]},
								"east": {"uv": [0, 16], "uv_size": [16, 32]},
								"south": {"uv": [16, 16], "uv_size": [16, 32]},
								"west": {"uv": [32, 16], "uv_size": [16, 32]},
								"up": {"uv": [32, 16], "uv_size": [-16, -16]},
								"down": {"uv": [48, 16], "uv_size": [-16, -16]}
							}
						}
					]
				},
				{
					"name": "BLleg2",
					"parent": "BLleg",
					"pivot": [15, 26.4, 22],
					"rotation": [-50, 0, 0],
					"cubes": [
						{
							"origin": [10.2, 0.8, 17.2],
							"size": [9.6, 25.6, 9.6],
							"uv": {
								"north": {"uv": [232, 12], "uv_size": [12, 32]},
								"east": {"uv": [196, 12], "uv_size": [12, 32]},
								"south": {"uv": [208, 12], "uv_size": [12, 32]},
								"west": {"uv": [220, 12], "uv_size": [12, 32]},
								"up": {"uv": [220, 12], "uv_size": [-12, -12]},
								"down": {"uv": [232, 12], "uv_size": [-12, -12]}
							}
						}
					]
				},
				{
					"name": "BLleg3",
					"parent": "BLleg2",
					"pivot": [15, 0, 22],
					"rotation": [25, 0, 0],
					"cubes": [
						{
							"origin": [7.8, -4.8, 9.2],
							"size": [14.4, 6.4, 19.2],
							"uv": {
								"north": {"uv": [136, 24], "uv_size": [18, 6]},
								"east": {"uv": [112, 24], "uv_size": [24, 6]},
								"south": {"uv": [178, 24], "uv_size": [18, 6]},
								"west": {"uv": [154, 24], "uv_size": [24, 6]},
								"up": {"uv": [154, 0], "uv_size": [-18, 24]},
								"down": {"uv": [172, 24], "uv_size": [-18, -24]}
							}
						}
					]
				},
				{
					"name": "BRleg",
					"parent": "body",
					"pivot": [-14, 44, 22],
					"rotation": [25, 0, 0],
					"cubes": [
						{
							"origin": [-20.4, 24.8, 15.6],
							"size": [12.8, 25.6, 12.8],
							"uv": {
								"north": {"uv": [48, 16], "uv_size": [16, 32]},
								"east": {"uv": [0, 16], "uv_size": [16, 32]},
								"south": {"uv": [16, 16], "uv_size": [16, 32]},
								"west": {"uv": [32, 16], "uv_size": [16, 32]},
								"up": {"uv": [32, 16], "uv_size": [-16, -16]},
								"down": {"uv": [48, 16], "uv_size": [-16, -16]}
							}
						}
					]
				},
				{
					"name": "BRleg2",
					"parent": "BRleg",
					"pivot": [-14, 26.4, 22],
					"rotation": [-50, 0, 0],
					"cubes": [
						{
							"origin": [-18.8, 0.8, 17.2],
							"size": [9.6, 25.6, 9.6],
							"uv": {
								"north": {"uv": [232, 12], "uv_size": [12, 32]},
								"east": {"uv": [196, 12], "uv_size": [12, 32]},
								"south": {"uv": [208, 12], "uv_size": [12, 32]},
								"west": {"uv": [220, 12], "uv_size": [12, 32]},
								"up": {"uv": [220, 12], "uv_size": [-12, -12]},
								"down": {"uv": [232, 12], "uv_size": [-12, -12]}
							}
						}
					]
				},
				{
					"name": "BRleg3",
					"parent": "BRleg2",
					"pivot": [-14, 0, 22],
					"rotation": [25, 0, 0],
					"cubes": [
						{
							"origin": [-21.2, -4.8, 9.2],
							"size": [14.4, 6.4, 19.2],
							"uv": {
								"north": {"uv": [136, 24], "uv_size": [18, 6]},
								"east": {"uv": [112, 24], "uv_size": [24, 6]},
								"south": {"uv": [178, 24], "uv_size": [18, 6]},
								"west": {"uv": [154, 24], "uv_size": [24, 6]},
								"up": {"uv": [154, 0], "uv_size": [-18, 24]},
								"down": {"uv": [172, 24], "uv_size": [-18, -24]}
							}
						}
					]
				}
			]
		}
	]
}