{
	"format_version": "1.8.0",
	"animations": {
		"test_animation1": {
			"animation_length": 1.125,
			"override_previous_animation": true,
			"anim_time_update": 0,
			"blend_weight": 1,
			"start_delay": 0,
			"bones": {
				"neck1": {
					"relative_to": {
						"rotation": "entity"
					},
					"rotation": {
						"0.0": {
							"vector": [0, 0, 0]
						},
						"0.3333": {
							"vector": [20, 0, 0]
						},
						"0.75": {
							"vector": [20, 0, 0]
						},
						"1.0833": {
							"vector": [0, 0, 0]
						}
					},
					"position": {
						"0.0": {
							"vector": [0, 0, 0]
						},
						"0.5417": {
							"vector": [0, 0, 10]
						},
						"1.0833": {
							"vector": [0, 0, 0]
						}
					}
				}
			}
		}
	},
	"geckolib_format_version": 2
}