{
  "activation": {
    "activation_type": "dragonsurvival:channeled",
    "continuous_mana_cost": {
      "type": "ticking",
      "amount": 0.05
    },
    "cast_time": 20,
    "cooldown": 40,
    "can_move_while_casting": true,
    "sound": {
      "start": "minecraft:entity.ender_dragon.ambient",
      "looping": "dragonsurvival:forest_breath_loop",
      "end": "dragonsurvival:forest_breath_end"
    },
    "animations": {}
  },
  "upgrade": {
    "upgrade_type": "dragonsurvival:experience_levels",
    "maximum_level": 8,
    "level_requirement": {
      "type": "minecraft:lookup",
      "values": [
        0,
        15,
        30,
        45,
        60,
        75,
        90,
        100
      ],
      "fallback": 15
    }
  },
  "actions": [
    {
      "target_selection": {
        "target_type": "dragonsurvival:dragon_breath",
        "applied_effects": {
          "entity_effect": [
            {
              "effect_type": "dragonsurvival:damage",
              "damage_type": "minecraft:dragon_breath",
              "amount": {
                "type": "minecraft:linear",
                "base": 3,
                "per_level_above_first": 1.5
              }
            }
          ],
          "target_conditions": {
            "condition": "minecraft:inverted",
            "term": {
              "condition": "minecraft:entity_properties",
              "entity": "this",
              "predicate": {
                "type": "minecraft:end_crystal"
              }
            }
          },
          "targeting_mode": "non_allies"
        },
        "range_multiplier": 2
      },
      "trigger_rate": 5
    },
    {
      "target_selection": {
        "applied_effects": {
          "entity_effect": [
            {
              "effect_type": "dragonsurvival:breath_particles",
              "main_particle": {
                "type": "minecraft:dragon_breath",
                "duration": 120
              },
              "secondary_particle": {
                "type": "minecraft:dragon_breath",
                "duration": 60
              },
              "speed_per_growth": 0.05,
              "spread": 0.04
            },
            {
              "effect_type": "dragonsurvival:run_function",
              "function": "ds_ender_dragon_addon:breath/init"
            }
          ],
          "targeting_mode": "all"
        },
        "target_type": "dragonsurvival:self"
      },
      "trigger_rate": 1
    }
  ],
  "can_be_manually_disabled": false,
  "icon": {
    "texture_entries": [
      {
        "from_level": 0,
        "texture_resource": "dragonsurvival:abilities/dseda_ender_dragon/ender_breath_0"
      },      {
        "from_level": 1,
        "texture_resource": "dragonsurvival:abilities/dseda_ender_dragon/ender_breath_1"
      },      {
        "from_level": 2,
        "texture_resource": "dragonsurvival:abilities/dseda_ender_dragon/ender_breath_2"
      },      {
        "from_level": 3,
        "texture_resource": "dragonsurvival:abilities/dseda_ender_dragon/ender_breath_3"
      },      {
        "from_level": 4,
        "texture_resource": "dragonsurvival:abilities/dseda_ender_dragon/ender_breath_4"
      },      {
        "from_level": 5,
        "texture_resource": "dragonsurvival:abilities/dseda_ender_dragon/ender_breath_5"
      },      {
        "from_level": 6,
        "texture_resource": "dragonsurvival:abilities/dseda_ender_dragon/ender_breath_6"
      },      {
        "from_level": 7,
        "texture_resource": "dragonsurvival:abilities/dseda_ender_dragon/ender_breath_7"
      },      {
        "from_level": 8,
        "texture_resource": "dragonsurvival:abilities/dseda_ender_dragon/ender_breath_8"
      }     
    ]
  }
}