{
  "activation": {
    "activation_type": "dragonsurvival:channeled",
    "initial_mana_cost": 1,
    "continuous_mana_cost": {
      "type": "ticking",
      "amount": 0.04
    },
    "cast_time": 60,
    "cooldown": 300
  },
  "upgrade": {
    "upgrade_type": "dragonsurvival:experience_levels",
    "maximum_level": 5,
    "level_requirement": {
      "type": "minecraft:lookup",
      "values": [
        0,
        25,
        50,
        75,
        100
      ],
      "fallback": 25
    }
  },
  "actions": [
    {
      "target_selection": {
        "target_type": "dragonsurvival:self",
        "applied_effects": {
          "entity_effect": [
            {
              "effect_type": "dragonsurvival:run_function",
              "function": "ds_ender_dragon_addon:crystal/init"
            }
          ],
          "targeting_mode": "allies_and_self"
        }
      },
      "trigger_rate": 10
    }
  ],
  "can_be_manually_disabled": false,
  "icon": {
    "texture_entries": [
      {
        "texture_resource": "dragonsurvival:abilities/forest/inspiration_1",
        "from_level": 0
      }
    ]
  }
}