{
  "activation": {
    "activation_type": "dragonsurvival:passive"
  },
  "actions": [
    {
      "target_selection": {
        "target_type": "dragonsurvival:self",
        "applied_effects": {
          "entity_effect": [
            {
              "effect_type": "dragonsurvival:flight",
              "level_requirement": 0,
              "icon": "dragonsurvival:abilities/dseda_ender_dragon/ender_wings"
            },
            {
              "effect_type": "dragonsurvival:spin",
              "level_requirement": 0
            }
          ],
          "targeting_mode": "allies_and_self"
        }
      },
      "trigger_rate": 1
    }
  ],
  "can_be_manually_disabled": false,
  "icon": {
    "texture_entries": [
      {
        "texture_resource": "dragonsurvival:abilities/dseda_ender_dragon/ender_wings",
        "from_level": 0
      }
    ]
  }
}