{
  "activation": {
    "activation_type": "dragonsurvival:passive"
  },
  "actions": [
    {
      "target_selection": {
        "target_type": "dragonsurvival:self",
        "applied_effects": {
          "entity_effect": [
            {
              "effect_type": "dragonsurvival:modifier",
              "modifiers": [
                {
                  "base": {
                    "id": "dseda_physical_weakness",
                    "custom_icon": "dragonsurvival:textures/ability_effect/forest_dragon_wings.png",
                    "is_hidden": true
                  },
                  "modifiers": [
                    {
                      "attribute": "minecraft:generic.attack_speed",
                      "amount": -0.25,
                      "operation": "add_multiplied_total"
                    },
                    {
                      "attribute": "minecraft:player.block_break_speed",
                      "amount": -0.25,
                      "operation": "add_multiplied_total"
                    },
                    {
                      "attribute": "minecraft:generic.attack_knockback",
                      "amount": -0.5,
                      "operation": "add_multiplied_total"
                    }
                  ]
                }
              ]
            }
          ],
          "targeting_mode": "allies_and_self"
        }
      },
      "trigger_rate": 1
    }
  ],
  "can_be_manually_disabled": false,
  "icon": {
    "texture_entries": [
      {
        "texture_resource": "dragonsurvival:abilities/dseda_ender_dragon/physical_weakness",
        "from_level": 0
      }
    ]
  }
}