{
  "activation": {
    "activation_type": "dragonsurvival:passive"
  },
  "upgrade": {
    "upgrade_type": "dragonsurvival:experience_points",
    "maximum_level": 50,
    "experience_cost": {
      "type": "minecraft:levels_squared",
      "added": 5
    }
  },
  "actions": [
    {
      "target_selection": {
        "target_type": "dragonsurvival:self",
        "applied_effects": {
          "entity_effect": [
            {
              "effect_type": "dragonsurvival:modifier",
              "modifiers": [
                {
                  "base": {
                    "id": "dseda_speed",
                    "is_hidden": true
                  },
                  "modifiers": [
                    {
                      "attribute": "minecraft:generic.movement_speed",
                      "amount": {
                        "type": "minecraft:linear",
                        "base": 0.005,
                        "per_level_above_first": 0.005
                      },
                      "operation": "add_multiplied_base"
                    }
                  ]
                }
              ]
            },
            {
              "effect_type": "dragonsurvival:modifier",
              "modifiers": [
                {
                  "base": {
                    "id": "dseda_endurance",
                    "is_hidden": true
                  },
                  "modifiers": [
                    {
                      "attribute": "dragonsurvival:flight_stamina",
                      "amount": {
                        "type": "minecraft:linear",
                        "base": 0.02,
                        "per_level_above_first": 0.02
                      },
                      "operation": "add_multiplied_base"
                    }
                  ]
                }
              ]
            }
          ],
          "targeting_mode": "all"
        }
      },
      "trigger_rate": 0
    },
    {
      "target_selection": {
        "target_type": "dragonsurvival:self",
        "applied_effects": {
          "entity_effect": [
            {
              "effect_type": "dragonsurvival:modifier",
              "modifiers": [
                {
                  "base": {
                    "id": "dseda_endurance_end",
                    "should_remove_automatically": true,
                    "early_removal_condition": {
                      "condition": "minecraft:inverted",
                      "term": {
                        "condition": "minecraft:location_check",
                        "predicate": {
                          "dimension": "minecraft:the_end"
                        }
                      }
                    },
                    "is_hidden": true
                  },
                  "modifiers": [
                    {
                      "attribute": "dragonsurvival:flight_stamina",
                      "amount": {
                        "type": "minecraft:linear",
                        "base": 0.02,
                        "per_level_above_first": 0.02
                      },
                      "operation": "add_multiplied_base"
                    }
                  ]
                }
              ]
            }
          ],
          "target_conditions": {
            "condition": "minecraft:location_check",
            "predicate": {
              "dimension": "minecraft:the_end"
            }
          },
          "targeting_mode": "all"
        }
      },
      "trigger_rate": 0
    }
  ],
  "can_be_manually_disabled": false,
  "icon": {
    "texture_entries": [ 
      {
        "from_level": 0,
        "texture_resource": "dragonsurvival:abilities/dseda_ender_dragon/ender_agility_0"
      },      {
        "from_level": 1,
        "texture_resource": "dragonsurvival:abilities/dseda_ender_dragon/ender_agility_1"
      },      {
        "from_level": 10,
        "texture_resource": "dragonsurvival:abilities/dseda_ender_dragon/ender_agility_2"
      },      {
        "from_level": 20,
        "texture_resource": "dragonsurvival:abilities/dseda_ender_dragon/ender_agility_3"
      },      {
        "from_level": 30,
        "texture_resource": "dragonsurvival:abilities/dseda_ender_dragon/ender_agility_4"
      },      {
        "from_level": 40,
        "texture_resource": "dragonsurvival:abilities/dseda_ender_dragon/ender_agility_5"
      },      {
        "from_level": 50,
        "texture_resource": "dragonsurvival:abilities/dseda_ender_dragon/ender_agility_6"
      }
    ]
  }
}