{
  "actions": [
    {
      "target_selection": {
        "applied_effects": {
          "entity_effect": [
            {
              "effect_type": "dragonsurvival:damage_modification",
              "modifications": [
                {
                  "base": {
                    "custom_icon": "dragonsurvival:abilities/dseda_ender_dragon/magic_resistance",
                    "id": "dseda_magic_immunity_1",
                    "should_remove_automatically": false,
                    "is_hidden": true
                  },
                  "damage_types": [
                    "minecraft:dragon_breath",
                    "minecraft:indirect_magic"
                  ],
                  "multiplier": 0
                },
                {
                  "base": {
                    "id": "dseda_magic_immunity_2",
                    "should_remove_automatically": false,
                    "is_hidden": true
                  },
                  "damage_types": [
                    "minecraft:magic",
                    "minecraft:fall"
                  ],
                  "multiplier": 0.5
                },
                {
                  "base": {
                    "id": "dseda_physical_vulnerability",
                    "is_hidden": true
                  },
                  "damage_types": "#minecraft:is_projectile",
                  "multiplier": 1.2
                }
              ]
            }
          ],
          "targeting_mode": "all"
        },
        "target_type": "dragonsurvival:self"
      },
      "trigger_rate": 1
    },
    {
      "target_selection": {
        "target_type": "dragonsurvival:looking_at",
        "applied_effects": {
          "entity_effect": [
            {
              "effect_type": "dragonsurvival:run_function",
              "function": "ds_ender_dragon_addon:enderman-control-init"
            }
          ],
          "target_conditions": {
            "condition": "minecraft:entity_properties",
            "entity": "this",
            "predicate": {
              "type": "minecraft:enderman"
            }
          },
          "targeting_mode": "enemies"
        },
        "range": 80
      },
      "trigger_rate": 1
    }
  ],
  "activation": {
    "activation_type": "dragonsurvival:passive"
  },
  "can_be_manually_disabled": false,
  "icon": {
    "texture_entries": [
      {
        "from_level": 0,
        "texture_resource": "dragonsurvival:abilities/dseda_ender_dragon/magic_resistance"
      }
    ]
  }
}