{
	"values": {
		"dragonsurvival:dseda_ender_dragon": {
			"neoforge:conditions": [
				{
					"type": "dragonsurvival:registered",
					"registry": "dragonsurvival:dragon_species",
					"value": "dragonsurvival:dseda_ender_dragon"
				}
			],
			"dragonsurvival:adult": {
				"default_skin": {
					"glow_skin": "dragonsurvival:textures/dragon/forest_dragon/adult_glow.png",
					"skin": "dragonsurvival:textures/dragon/forest_dragon/adult.png"
				},
				"growth_icon": {
					"hover_icon": "dragonsurvival:textures/gui/custom/stage/dseda_ender_dragon/adult_stage_hover.png",
					"icon": "dragonsurvival:textures/gui/custom/stage/dseda_ender_dragon/adult_stage_main.png"
				}
			},
			"dragonsurvival:ancient": {
				"default_skin": {
					"glow_skin": "dragonsurvival:textures/dragon/forest_dragon/ancient_glow.png",
					"skin": "dragonsurvival:textures/dragon/forest_dragon/ancient.png"
				},
				"growth_icon": {
					"hover_icon": "dragonsurvival:textures/gui/custom/stage/dseda_ender_dragon/ancient_stage_hover.png",
					"icon": "dragonsurvival:textures/gui/custom/stage/dseda_ender_dragon/ancient_stage_main.png"
				}
			},
			"dragonsurvival:newborn": {
				"default_skin": {
					"glow_skin": "dragonsurvival:textures/dragon/forest_dragon/newborn_glow.png",
					"skin": "dragonsurvival:textures/dragon/forest_dragon/newborn.png"
				},
				"growth_icon": {
					"hover_icon": "dragonsurvival:textures/gui/custom/stage/dseda_ender_dragon/newborn_stage_hover.png",
					"icon": "dragonsurvival:textures/gui/custom/stage/dseda_ender_dragon/newborn_stage_main.png"
				}
			},
			"dragonsurvival:young": {
				"default_skin": {
					"glow_skin": "dragonsurvival:textures/dragon/forest_dragon/young_glow.png",
					"skin": "dragonsurvival:textures/dragon/forest_dragon/young.png"
				},
				"growth_icon": {
					"hover_icon": "dragonsurvival:textures/gui/custom/stage/dseda_ender_dragon/young_stage_hover.png",
					"icon": "dragonsurvival:textures/gui/custom/stage/dseda_ender_dragon/young_stage_main.png"
				}
			}
		}
	}
}