{
	"format_version": "1.8.0",
	"animations": {
		"unfold_wings": {
			"loop": "hold_on_last_frame",
			"animation_length": 0.5417,
			"anim_time_update": 0,
			"blend_weight": 1,
			"start_delay": 1,
			"bones": {
				"Rwing": {
					"relative_to": {
						"rotation": "entity"
					},
					"rotation": [0, 0, 0.01],
					"position": {
						"0.0": {
							"vector": [0, 0, 0]
						},
						"0.5": {
							"pre": [7, 22, 0],
							"post": [7, 22, 0],
							"easing": "easeOutCirc"
						}
					}
				},
				"Rwing2": {
					"rotation": {
						"0.0": {
							"vector": [0, 0, 0]
						},
						"0.5": {
							"vector": [0, 0, -165]
						}
					}
				},
				"Lwing": {
					"position": {
						"0.0": {
							"vector": [0, 0, 0]
						},
						"0.5": {
							"vector": [-7, 22, 0],
							"easing": "easeOutCirc"
						}
					}
				},
				"Lwing2": {
					"rotation": {
						"0.0": {
							"vector": [0, 0, 0]
						},
						"0.5": {
							"vector": [0, 0, 165]
						}
					}
				}
			},
			"timeline": {}
		},
		"fold_wings": {
			"loop": "hold_on_last_frame",
			"animation_length": 0.5417,
			"anim_time_update": 0,
			"blend_weight": 1,
			"start_delay": 1,
			"bones": {
				"Rwing": {
					"relative_to": {
						"rotation": "entity"
					},
					"rotation": [0, 0, 0.01],
					"position": {
						"0.0": {
							"vector": [7, 22, 0]
						},
						"0.5": {
							"vector": [0, 0, 0],
							"easing": "easeInCirc"
						}
					}
				},
				"Rwing2": {
					"rotation": {
						"0.0": {
							"vector": [0, 0, -165]
						},
						"0.5": {
							"vector": [0, 0, 0],
							"easing": "easeInSine"
						}
					}
				},
				"Lwing": {
					"position": {
						"0.0": {
							"vector": [-7, 22, 0]
						},
						"0.5": {
							"vector": [0, 0, 0],
							"easing": "easeInCirc"
						}
					}
				},
				"Lwing2": {
					"rotation": {
						"0.0": {
							"vector": [0, 0, 165]
						},
						"0.5": {
							"vector": [0, 0, 0],
							"easing": "easeInSine"
						}
					}
				}
			},
			"timeline": {}
		},
		"flap": {
			"loop": true,
			"animation_length": 1,
			"anim_time_update": 0,
			"blend_weight": 1,
			"start_delay": 0,
			"bones": {
				"Rwing": {
					"rotation": {
						"0.0": {
							"vector": [0, 0, 0]
						},
						"0.5": {
							"vector": [0, 0, 130],
							"easing": "easeInOutSine"
						},
						"1.0": {
							"vector": [0, 0, 0],
							"easing": "easeInOutSine"
						}
					},
					"position": {
						"0.0": {
							"vector": [7, 22, 0]
						},
						"1.0": {
							"vector": [7, 22, 0]
						}
					}
				},
				"Rwing2": {
					"rotation": {
						"0.0": {
							"vector": [0, 0, -170]
						},
						"0.5": {
							"vector": [0, 0, -120]
						},
						"1.0": {
							"vector": [0, 0, -170]
						}
					}
				},
				"Lwing": {
					"rotation": {
						"0.0": {
							"vector": [0, 0, 0]
						},
						"0.5": {
							"vector": [0, 0, -130],
							"easing": "easeInOutSine"
						},
						"1.0": {
							"vector": [0, 0, 0],
							"easing": "easeInOutSine"
						}
					},
					"position": {
						"0.0": {
							"vector": [-7, 22, 0]
						},
						"1.0": {
							"vector": [-7, 22, 0],
							"easing": "easeInOutSine"
						}
					}
				},
				"Lwing2": {
					"rotation": {
						"0.0": {
							"vector": [0, 0, 170]
						},
						"0.5": {
							"vector": [0, 0, 120]
						},
						"1.0": {
							"vector": [0, 0, 170]
						}
					}
				}
			}
		}
	},
	"geckolib_format_version": 2
}