{
	"values": {
		"dragonsurvival:center": {
			"neoforge:conditions": [
				{
					"type": "dragonsurvival:registered",
					"registry": "dragonsurvival:dragon_body",
					"value": "dragonsurvival:center"
				}
			],
			"dragonsurvival:dseda_ender_dragon": "dragonsurvival:textures/gui/custom/body/center/forest_dragon.png"
		},
		"dragonsurvival:east": {
			"neoforge:conditions": [
				{
					"type": "dragonsurvival:registered",
					"registry": "dragonsurvival:dragon_body",
					"value": "dragonsurvival:east"
				}
			],
			"dragonsurvival:dseda_ender_dragon": "dragonsurvival:textures/gui/custom/body/east/forest_dragon.png"
		},
		"dragonsurvival:north": {
			"neoforge:conditions": [
				{
					"type": "dragonsurvival:registered",
					"registry": "dragonsurvival:dragon_body",
					"value": "dragonsurvival:north"
				}
			],
			"dragonsurvival:dseda_ender_dragon": "dragonsurvival:textures/gui/custom/body/north/forest_dragon.png"
		},
		"dragonsurvival:south": {
			"neoforge:conditions": [
				{
					"type": "dragonsurvival:registered",
					"registry": "dragonsurvival:dragon_body",
					"value": "dragonsurvival:south"
				}
			],
			"dragonsurvival:dseda_ender_dragon": "dragonsurvival:textures/gui/custom/body/south/forest_dragon.png"
		},
		"dragonsurvival:west": {
			"neoforge:conditions": [
				{
					"type": "dragonsurvival:registered",
					"registry": "dragonsurvival:dragon_body",
					"value": "dragonsurvival:east"
				}
			],
			"dragonsurvival:dseda_ender_dragon": "dragonsurvival:textures/gui/custom/body/west/forest_dragon.png"
		}
	}
}